{"CI": {"BH temperature": "0p577", "cost": 3.000000094928996, "D-OLICS": [[-0.09127325502442898, 0.3683114978923826, 0.7229207903544188, -0.03856066879767392, 0.49090837502669016, 0.3015350833010781]]}, "Mc": {"BH temperature": "0p0", "cost": 0.06022496940616374, "D-OLICS": [[-0.41762706568518904, 0.2159477648022817, 0.07886302508676869, -0.22571346447795826, 0.32548362680879983, -0.7847602568880437], [0.13857455418400116, -0.6054970093157274, -0.5541304984059187, -0.3924699400970432, 0.38508893649298365, -0.0691643874385472], [-0.7850788820985153, 0.13418478595614805, -0.3961746366638908, 0.18374321649376116, -0.058257800792755686, 0.41416869558719793], [0.3068433241986976, 0.47140599558098195, -0.6987442091169536, 0.039250744904786354, -0.36854151476035624, -0.24086640046523844], [-0.2421758705363615, -0.5546874511563584, -0.05457011062206829, -0.5795133431974312, -0.42786367533905423, -0.3343527219386824]]}, "Mb": {"BH temperature": "0p0", "cost": 0.06022601188247499, "D-OLICS": [[-0.39084782558760445, -0.5494419783529372, -0.37399837406266095, 0.10870672172101341, 0.6001793505424287, 0.18287783269351393], [0.596395197594228, -0.6247082475510993, 0.2877311477869831, 0.026987920757584865, -0.05609580166236128, 0.40913087574809176], [0.5521297460714845, 0.4341997908348454, -0.1324266806125508, -0.11320856838397741, 0.6682592135107256, -0.17233659798903192], [0.3822232906425901, -0.21830263406752765, -0.6271578672216184, -0.2889693268079277, -0.2607143693542317, -0.511318952717341], [-0.004750369735495818, -0.18345499231306908, 0.5751655356319733, 0.6831873865199947, 0.2910252232184054, -0.289940719380065]]}, "CII": {"BH temperature": "0p578", "cost": 3.0000001732144037, "D-OLICS": [[-0.12202693640290557, 0.6665205965943587, 0.45544965043812985, 0.5105977701287483, 0.07630810586491657, 0.2586355102113111]]}, "TI": {"BH temperature": "8p433", "cost": 13.500000005523908, "D-OLICS": [[-0.5015220378753825, -0.47820571278271057, 0.1416441347453427, -0.3564751596869382, -0.4133002151685066, -0.44926637259802177], [0.3079261190072541, -0.5082462965640502, -0.6927701495929149, -0.1158903526030727, -0.148361627491108, 0.36262236659753005]]}, "O": {"BH temperature": "34p239", "cost": 38.44336023916609, "D-OLICS": [[-0.4214747387959318, 0.6910087097333731, 0.10755853273516208, -0.5652407029731794, 0.11738539234875002, 0.0045592796465034], [-0.039375149239699564, -0.14880073580375305, 0.8018509231077465, -0.0012445731226886402, -0.009252120659018804, 0.5772831931200847], [-0.6982170748190957, -0.40874651094066766, -0.11012728220689212, 0.11750671992792781, 0.5652231528663808, 0.0024791478751961717]]}, "N": {"BH temperature": "0p0", "cost": 3.0517578124999905e-05, "D-OLICS": [[-0.5595566695341067, -0.3678715437339404, -0.3248369761721678, -0.27511540364212306, -0.4448476626251669, -0.41529492115578065], [-0.15314697304242178, -0.22367399984579994, -0.4904422127803601, 0.7148765892335003, 0.40186067129307734, -0.11593897273041248], [-0.532663614104135, 0.3639119615694259, 0.07370885257880365, 0.36420077013020885, -0.40530030973245035, 0.530560101642663], [0.5043691484870947, -0.5314721816443326, -0.05502718947252129, 0.2648845126687095, -0.5656163297828181, 0.26464212257810815], [0.09846014972158118, 0.255745459111113, 0.4254501889867294, 0.4510485007136618, -0.29725951900932024, -0.6723719388212983], [-0.34004289936502224, -0.578221526417636, 0.6815266135638829, 0.08373900425422941, 0.260893010057657, 0.10234639442794145]]}, "HI": {"BH temperature": "2p33", "cost": 1.8084490862040103, "D-OLICS": [[-0.14798468256837152, 0.10033646046992815, 0.7738840815834622, 0.3849263486667275, 0.47007261293797925, 3.694573814801707e-05], [-0.11757412698470927, -0.9768287759471485, -0.03370155823407054, 0.080000442450684, 0.15635216897174242, 2.415577200052152e-05]]}, "TII": {"BH temperature": "15p307", "cost": 8.825692347982619, "D-OLICS": [[-0.5529270904738409, 0.2815280220422082, -0.6259025627177757, -0.3686542108138291, -0.08320480671352878, -0.2836029273428834], [-0.24204826727986953, -0.6431167366996228, 0.19188491140596542, -0.06401582223709605, -0.37252547612143283, -0.5900173083920287]]}, "RII": {"BH temperature": "1p522", "cost": 0.6045968151205595, "D-OLICS": [[-0.48654789463622233, 0.3230465828628904, -0.6443457722107029, -0.47075650394509183, 0.14872418164715187, -9.563807773035458e-05], [-0.047497345335935484, -0.8633135822680128, 0.1153611795286094, -0.46647623695652785, 0.14671511158159198, 0.00023559256322542294]]}, "HII": {"BH temperature": "2p49", "cost": 1.8084490920500682, "D-OLICS": [[-0.12000211643272458, -0.32154596867160123, -0.7088623478934375, -0.44664673830502877, 0.42453332566395163, -1.9593269502183594e-05], [0.9369724565844949, 0.06551595547390085, -0.3122195242933285, 0.07618341873148177, -0.12043807756995602, -3.470359178365436e-06]]}, "RI": {"BH temperature": "1p888", "cost": 1.0000000042749513, "D-OLICS": [[-0.6364105778605359, -0.32720989960283653, -0.18899176035165385, -0.6724562228157566, 1.9257523521731326e-05, 2.31044767931562e-05], [0.34185802546141225, -0.6091239043111915, 0.6813886928070376, -0.2186563689631357, -2.0786080093406663e-05, 2.8615158792752378e-05]]}}